{
	"contact": [{
		"name": "Dr. Dan",
		"email": "chal0006@umn.edu",
		"address": "383 Shepherd Labs, 100 Union St. SE, Minneapolis, MN 55455",
		"phoneNumber": "(612)625-4002",
		"favoritePlace": "Shepherd Labs",
		"favoritePlaceURL": "http://campusmaps.umn.edu/shepherd-laboratories"
	}, {
		"name": "Ruofeng Liu",
		"email": "liux4189@umn.edu",
		"address": "Coffman Memorial, Room 2-209, 300 Washington Ave SE, Minneapolis, MN 55455",
		"phoneNumber": "(612)625-4002",
		"favoritePlace": "Coffman",
		"favoritePlaceURL": "https://campusmaps.umn.edu/coffman-memorial-union"
	}, {
		"name": "Harshit Jain",
		"email": "jain0149@umn.edu",
		"address": "University of Minnesota Sports Field Complex, 600 25th Ave SE, Minneapolis, MN 55414",
		"phoneNumber": "(612)624-9510",
		"favoritePlace": "Blue Door Pub (Como Ave)",
		"favoritePlaceURL": "https://www.google.com/maps/place/Blue+Door+Pub+University/@44.987642,-93.2319058,17z/data=!4m13!1m7!3m6!1s0x52b32d067b5b1d95:0xee88dc4ea05b2361!2s1514+Como+Ave+SE,+Minneapolis,+MN+55414!3b1!8m2!3d44.987608!4d-93.2297234!3m4!1s0x52b32d067c9e1729:0x37b768c113d903e3!8m2!3d44.987642!4d-93.2297118"
	}, {
		"name": "Yang He",
		"email": "he000242@umn.edu",
		"address": "Keller Hall, Room 2-209, 200 Union St. SE, Minneapolis, MN 55455",
		"phoneNumber": "(612)625-4002",
		"favoritePlace": "Keller Hall",
		"favoritePlaceURL": "https://www.google.com/maps/place/Kenneth+H.+Keller+Hall,+200+Union+St+SE,+Minneapolis,+MN+55455/data=!4m2!3m1!1s0x52b32d17b13a375b:0x6c04b616cb83af04?sa=X&ved=2ahUKEwjE1aegyennAhWEH3AKHVUxBHYQ8gEwAHoECAsQAQ"
	}]
}
